<?xml version="1.0" encoding="UTF-8"?>
<export version="D">
  <design>
    <source>C:/Users/Anderson69s/Dropbox/Boulot/En_Cours/AirBarDuino/PCB/AirBarDuino.sch</source>
    <date>12/05/2017 00:39:03</date>
    <tool>Eeschema 4.0.6</tool>
    <sheet number="1" name="/" tstamps="/">
      <title_block>
        <title/>
        <company/>
        <rev/>
        <date/>
        <source>AirBarDuino.sch</source>
        <comment number="1" value=""/>
        <comment number="2" value=""/>
        <comment number="3" value=""/>
        <comment number="4" value=""/>
      </title_block>
    </sheet>
  </design>
  <components>
    <comp ref="U3">
      <value>MAX3421E</value>
      <footprint>Housings_QFP:TQFP-32_7x7mm_Pitch0.8mm</footprint>
      <libsource lib="domotab" part="MAX3421E"/>
      <sheetpath names="/" tstamps="/"/>
      <tstamp>5914B4FF</tstamp>
    </comp>
    <comp ref="U2">
      <value>LD39015M33R</value>
      <footprint>TO_SOT_Packages_SMD:SOT-23-5</footprint>
      <libsource lib="domotab" part="LD39015M33R"/>
      <sheetpath names="/" tstamps="/"/>
      <tstamp>5914C188</tstamp>
    </comp>
    <comp ref="Y1">
      <value>Crystal</value>
      <footprint>Crystals:Crystal_HC49-4H_Vertical</footprint>
      <libsource lib="device" part="Crystal"/>
      <sheetpath names="/" tstamps="/"/>
      <tstamp>5914C1AD</tstamp>
    </comp>
    <comp ref="C6">
      <value>100nF</value>
      <footprint>Capacitors_SMD:C_0805_HandSoldering</footprint>
      <libsource lib="device" part="C"/>
      <sheetpath names="/" tstamps="/"/>
      <tstamp>5914C1D0</tstamp>
    </comp>
    <comp ref="C7">
      <value>4.7µF</value>
      <footprint>Capacitors_SMD:C_0805_HandSoldering</footprint>
      <libsource lib="device" part="C"/>
      <sheetpath names="/" tstamps="/"/>
      <tstamp>5914C2E9</tstamp>
    </comp>
    <comp ref="C5">
      <value>100nF</value>
      <footprint>Capacitors_SMD:C_0805_HandSoldering</footprint>
      <libsource lib="device" part="C"/>
      <sheetpath names="/" tstamps="/"/>
      <tstamp>5914C350</tstamp>
    </comp>
    <comp ref="C4">
      <value>100nF</value>
      <footprint>Capacitors_SMD:C_0805_HandSoldering</footprint>
      <libsource lib="device" part="C"/>
      <sheetpath names="/" tstamps="/"/>
      <tstamp>5914C3AF</tstamp>
    </comp>
    <comp ref="C3">
      <value>100nF</value>
      <footprint>Capacitors_SMD:C_0805_HandSoldering</footprint>
      <libsource lib="device" part="C"/>
      <sheetpath names="/" tstamps="/"/>
      <tstamp>5914C3F1</tstamp>
    </comp>
    <comp ref="C8">
      <value>100nF</value>
      <footprint>Capacitors_SMD:C_0805_HandSoldering</footprint>
      <libsource lib="device" part="C"/>
      <sheetpath names="/" tstamps="/"/>
      <tstamp>5914C424</tstamp>
    </comp>
    <comp ref="C2">
      <value>18pF</value>
      <footprint>Capacitors_SMD:C_0805_HandSoldering</footprint>
      <libsource lib="device" part="C"/>
      <sheetpath names="/" tstamps="/"/>
      <tstamp>5914C458</tstamp>
    </comp>
    <comp ref="C1">
      <value>18pF</value>
      <footprint>Capacitors_SMD:C_0805_HandSoldering</footprint>
      <libsource lib="device" part="C"/>
      <sheetpath names="/" tstamps="/"/>
      <tstamp>5914C491</tstamp>
    </comp>
    <comp ref="R3">
      <value>470R</value>
      <footprint>Resistors_SMD:R_0805_HandSoldering</footprint>
      <libsource lib="device" part="R"/>
      <sheetpath names="/" tstamps="/"/>
      <tstamp>5914C56F</tstamp>
    </comp>
    <comp ref="R2">
      <value>33R</value>
      <footprint>Resistors_SMD:R_0805_HandSoldering</footprint>
      <libsource lib="device" part="R"/>
      <sheetpath names="/" tstamps="/"/>
      <tstamp>5914C6BF</tstamp>
    </comp>
    <comp ref="R1">
      <value>33R</value>
      <footprint>Resistors_SMD:R_0805_HandSoldering</footprint>
      <libsource lib="device" part="R"/>
      <sheetpath names="/" tstamps="/"/>
      <tstamp>5914C703</tstamp>
    </comp>
    <comp ref="P1">
      <value>CONN_6</value>
      <footprint>domotab:pin_array_6x1</footprint>
      <libsource lib="domotab" part="CONN_6"/>
      <sheetpath names="/" tstamps="/"/>
      <tstamp>5914D67D</tstamp>
    </comp>
    <comp ref="D1">
      <value>LED</value>
      <footprint>LEDs:LED_0805</footprint>
      <libsource lib="device" part="LED"/>
      <sheetpath names="/" tstamps="/"/>
      <tstamp>5914D80B</tstamp>
    </comp>
    <comp ref="P2">
      <value>USB-A-FEMELLE</value>
      <footprint>Connectors:USB_A</footprint>
      <libsource lib="domotab" part="USB-A-FEMELLE"/>
      <sheetpath names="/" tstamps="/"/>
      <tstamp>5914F5F6</tstamp>
    </comp>
    <comp ref="U1">
      <value>74HC4050_Ootsidebox</value>
      <footprint>Housings_SOIC:SOIC-16_3.9x9.9mm_Pitch1.27mm</footprint>
      <libsource lib="domotab" part="74HC4050_Ootsidebox"/>
      <sheetpath names="/" tstamps="/"/>
      <tstamp>5915618F</tstamp>
    </comp>
    <comp ref="H1">
      <value>HOLE_3MM</value>
      <footprint>Mounting_Holes:MountingHole_3.2mm_M3</footprint>
      <libsource lib="domotab" part="HOLE_3MM"/>
      <sheetpath names="/" tstamps="/"/>
      <tstamp>5915D512</tstamp>
    </comp>
    <comp ref="H3">
      <value>HOLE_3MM</value>
      <footprint>Mounting_Holes:MountingHole_3.2mm_M3</footprint>
      <libsource lib="domotab" part="HOLE_3MM"/>
      <sheetpath names="/" tstamps="/"/>
      <tstamp>5915D6A6</tstamp>
    </comp>
    <comp ref="H4">
      <value>HOLE_3MM</value>
      <footprint>Mounting_Holes:MountingHole_3.2mm_M3</footprint>
      <libsource lib="domotab" part="HOLE_3MM"/>
      <sheetpath names="/" tstamps="/"/>
      <tstamp>5915D712</tstamp>
    </comp>
    <comp ref="H2">
      <value>HOLE_3MM</value>
      <footprint>Mounting_Holes:MountingHole_3.2mm_M3</footprint>
      <libsource lib="domotab" part="HOLE_3MM"/>
      <sheetpath names="/" tstamps="/"/>
      <tstamp>5915D773</tstamp>
    </comp>
  </components>
  <libparts>
    <libpart lib="domotab" part="74HC4050_Ootsidebox">
      <fields>
        <field name="Reference">U</field>
        <field name="Value">74HC4050_Ootsidebox</field>
      </fields>
      <pins>
        <pin num="1" name="VCC" type="power_in"/>
        <pin num="2" name="1Y" type="output"/>
        <pin num="3" name="1A" type="input"/>
        <pin num="4" name="2Y" type="output"/>
        <pin num="5" name="2A" type="input"/>
        <pin num="6" name="3Y" type="output"/>
        <pin num="7" name="3A" type="input"/>
        <pin num="8" name="GND" type="power_in"/>
        <pin num="9" name="4A" type="input"/>
        <pin num="10" name="4Y" type="NotConnected"/>
        <pin num="11" name="5A" type="output"/>
        <pin num="12" name="5Y" type="NotConnected"/>
        <pin num="14" name="6A" type="input"/>
        <pin num="15" name="6Y" type="NotConnected"/>
      </pins>
    </libpart>
    <libpart lib="device" part="C">
      <description>Unpolarized capacitor</description>
      <footprints>
        <fp>C_*</fp>
      </footprints>
      <fields>
        <field name="Reference">C</field>
        <field name="Value">C</field>
      </fields>
      <pins>
        <pin num="1" name="~" type="passive"/>
        <pin num="2" name="~" type="passive"/>
      </pins>
    </libpart>
    <libpart lib="domotab" part="CONN_6">
      <fields>
        <field name="Reference">P</field>
        <field name="Value">CONN_6</field>
      </fields>
      <pins>
        <pin num="1" name="1" type="passive"/>
        <pin num="2" name="2" type="passive"/>
        <pin num="3" name="3" type="passive"/>
        <pin num="4" name="4" type="passive"/>
        <pin num="5" name="5" type="passive"/>
        <pin num="6" name="6" type="passive"/>
      </pins>
    </libpart>
    <libpart lib="device" part="Crystal">
      <description>Two pin crystal</description>
      <footprints>
        <fp>Crystal*</fp>
      </footprints>
      <fields>
        <field name="Reference">Y</field>
        <field name="Value">Crystal</field>
      </fields>
      <pins>
        <pin num="1" name="1" type="passive"/>
        <pin num="2" name="2" type="passive"/>
      </pins>
    </libpart>
    <libpart lib="domotab" part="HOLE_3MM">
      <fields>
        <field name="Reference">H</field>
        <field name="Value">HOLE_3MM</field>
      </fields>
      <pins>
        <pin num="0" name="Hole" type="NotConnected"/>
      </pins>
    </libpart>
    <libpart lib="domotab" part="LD39015M33R">
      <fields>
        <field name="Reference">U</field>
        <field name="Value">LD39015M33R</field>
      </fields>
      <pins>
        <pin num="1" name="IN" type="input"/>
        <pin num="2" name="GND" type="BiDi"/>
        <pin num="3" name="EN" type="input"/>
        <pin num="4" name="NC" type="NotConnected"/>
        <pin num="5" name="OUT" type="power_out"/>
      </pins>
    </libpart>
    <libpart lib="device" part="LED">
      <description>LED generic</description>
      <footprints>
        <fp>LED*</fp>
      </footprints>
      <fields>
        <field name="Reference">D</field>
        <field name="Value">LED</field>
      </fields>
      <pins>
        <pin num="1" name="K" type="passive"/>
        <pin num="2" name="A" type="passive"/>
      </pins>
    </libpart>
    <libpart lib="domotab" part="MAX3421E">
      <fields>
        <field name="Reference">U</field>
        <field name="Value">MAX3421E</field>
      </fields>
      <pins>
        <pin num="1" name="GPIN7" type="NotConnected"/>
        <pin num="2" name="VL" type="BiDi"/>
        <pin num="3" name="GND" type="BiDi"/>
        <pin num="4" name="GOUT0" type="NotConnected"/>
        <pin num="5" name="GOUT1" type="NotConnected"/>
        <pin num="6" name="GOUT2" type="NotConnected"/>
        <pin num="7" name="GOUT3" type="NotConnected"/>
        <pin num="8" name="GOUT4" type="NotConnected"/>
        <pin num="9" name="GOUT5" type="NotConnected"/>
        <pin num="10" name="GOUT6" type="NotConnected"/>
        <pin num="11" name="GOUT7" type="NotConnected"/>
        <pin num="12" name="RES" type="output"/>
        <pin num="13" name="SCK" type="input"/>
        <pin num="14" name="SS" type="input"/>
        <pin num="15" name="MISO" type="output"/>
        <pin num="16" name="MOSI" type="input"/>
        <pin num="17" name="GPX" type="NotConnected"/>
        <pin num="18" name="INT" type="NotConnected"/>
        <pin num="19" name="GND" type="BiDi"/>
        <pin num="20" name="D-" type="BiDi"/>
        <pin num="21" name="D+" type="BiDi"/>
        <pin num="22" name="VBCOMP" type="BiDi"/>
        <pin num="23" name="VCC" type="BiDi"/>
        <pin num="24" name="X1" type="BiDi"/>
        <pin num="25" name="X0" type="BiDi"/>
        <pin num="26" name="GPIN0" type="NotConnected"/>
        <pin num="27" name="GPIN1" type="NotConnected"/>
        <pin num="28" name="GPIN2" type="NotConnected"/>
        <pin num="29" name="GPIN3" type="NotConnected"/>
        <pin num="30" name="GPIN4" type="NotConnected"/>
        <pin num="31" name="GPIN5" type="NotConnected"/>
        <pin num="32" name="GPIN6" type="NotConnected"/>
      </pins>
    </libpart>
    <libpart lib="device" part="R">
      <description>Resistor</description>
      <footprints>
        <fp>R_*</fp>
        <fp>R_*</fp>
      </footprints>
      <fields>
        <field name="Reference">R</field>
        <field name="Value">R</field>
      </fields>
      <pins>
        <pin num="1" name="~" type="passive"/>
        <pin num="2" name="~" type="passive"/>
      </pins>
    </libpart>
    <libpart lib="domotab" part="USB-A-FEMELLE">
      <fields>
        <field name="Reference">P</field>
        <field name="Value">USB-A-FEMELLE</field>
      </fields>
      <pins>
        <pin num="1" name="VCC" type="BiDi"/>
        <pin num="2" name="D-" type="BiDi"/>
        <pin num="3" name="D+" type="BiDi"/>
        <pin num="4" name="GND" type="BiDi"/>
      </pins>
    </libpart>
  </libparts>
  <libraries>
    <library logical="domotab">
      <uri>C:\Users\Anderson69s\Dropbox\Boulot\Finis\KiCAD_Lib\domotab.lib</uri>
    </library>
    <library logical="device">
      <uri>C:\Program Files\KiCad\share\kicad\library\device.lib</uri>
    </library>
  </libraries>
  <nets>
    <net code="1" name="Net-(U1-Pad10)">
      <node ref="U1" pin="10"/>
    </net>
    <net code="2" name="Net-(U1-Pad12)">
      <node ref="U1" pin="12"/>
    </net>
    <net code="3" name="DGND">
      <node ref="C6" pin="2"/>
      <node ref="U2" pin="2"/>
      <node ref="U3" pin="19"/>
      <node ref="C3" pin="2"/>
      <node ref="P2" pin="4"/>
      <node ref="D1" pin="1"/>
      <node ref="P1" pin="5"/>
      <node ref="C7" pin="2"/>
      <node ref="U3" pin="3"/>
      <node ref="C1" pin="2"/>
      <node ref="C2" pin="2"/>
      <node ref="C8" pin="1"/>
      <node ref="C5" pin="2"/>
      <node ref="U1" pin="14"/>
      <node ref="U1" pin="11"/>
      <node ref="U1" pin="9"/>
      <node ref="U1" pin="8"/>
    </net>
    <net code="4" name="Net-(U1-Pad15)">
      <node ref="U1" pin="15"/>
    </net>
    <net code="5" name="+3V3">
      <node ref="U2" pin="5"/>
      <node ref="C5" pin="1"/>
      <node ref="C4" pin="1"/>
      <node ref="C8" pin="2"/>
      <node ref="U3" pin="12"/>
      <node ref="U1" pin="1"/>
    </net>
    <net code="6" name="Net-(C4-Pad2)">
      <node ref="U3" pin="2"/>
      <node ref="U3" pin="23"/>
      <node ref="C4" pin="2"/>
    </net>
    <net code="7" name="Net-(C2-Pad1)">
      <node ref="U3" pin="25"/>
      <node ref="Y1" pin="1"/>
      <node ref="C2" pin="1"/>
    </net>
    <net code="8" name="Net-(C1-Pad1)">
      <node ref="U3" pin="24"/>
      <node ref="Y1" pin="2"/>
      <node ref="C1" pin="1"/>
    </net>
    <net code="9" name="MISO">
      <node ref="U3" pin="15"/>
      <node ref="P1" pin="3"/>
    </net>
    <net code="10" name="Net-(C3-Pad1)">
      <node ref="U3" pin="22"/>
      <node ref="C3" pin="1"/>
    </net>
    <net code="11" name="Net-(H1-Pad0)">
      <node ref="H1" pin="0"/>
    </net>
    <net code="12" name="Net-(H3-Pad0)">
      <node ref="H3" pin="0"/>
    </net>
    <net code="13" name="Net-(H4-Pad0)">
      <node ref="H4" pin="0"/>
    </net>
    <net code="14" name="Net-(H2-Pad0)">
      <node ref="H2" pin="0"/>
    </net>
    <net code="15" name="SCK">
      <node ref="U1" pin="3"/>
      <node ref="P1" pin="4"/>
    </net>
    <net code="16" name="CS">
      <node ref="P1" pin="1"/>
      <node ref="U1" pin="5"/>
    </net>
    <net code="17" name="MOSI">
      <node ref="P1" pin="2"/>
      <node ref="U1" pin="7"/>
    </net>
    <net code="18" name="SCK_IN">
      <node ref="U1" pin="2"/>
      <node ref="U3" pin="13"/>
    </net>
    <net code="19" name="CS_IN">
      <node ref="U1" pin="4"/>
      <node ref="U3" pin="14"/>
    </net>
    <net code="20" name="MOSI_IN">
      <node ref="U1" pin="6"/>
      <node ref="U3" pin="16"/>
    </net>
    <net code="21" name="Net-(U3-Pad29)">
      <node ref="U3" pin="29"/>
    </net>
    <net code="22" name="Net-(U2-Pad4)">
      <node ref="U2" pin="4"/>
    </net>
    <net code="23" name="Net-(U3-Pad28)">
      <node ref="U3" pin="28"/>
    </net>
    <net code="24" name="Net-(D1-Pad2)">
      <node ref="D1" pin="2"/>
      <node ref="R3" pin="2"/>
    </net>
    <net code="25" name="Net-(U3-Pad4)">
      <node ref="U3" pin="4"/>
    </net>
    <net code="26" name="Net-(U3-Pad5)">
      <node ref="U3" pin="5"/>
    </net>
    <net code="27" name="Net-(U3-Pad6)">
      <node ref="U3" pin="6"/>
    </net>
    <net code="28" name="Net-(U3-Pad7)">
      <node ref="U3" pin="7"/>
    </net>
    <net code="29" name="Net-(U3-Pad8)">
      <node ref="U3" pin="8"/>
    </net>
    <net code="30" name="Net-(U3-Pad9)">
      <node ref="U3" pin="9"/>
    </net>
    <net code="31" name="Net-(U3-Pad10)">
      <node ref="U3" pin="10"/>
    </net>
    <net code="32" name="Net-(R2-Pad1)">
      <node ref="U3" pin="20"/>
      <node ref="R2" pin="1"/>
    </net>
    <net code="33" name="Net-(U3-Pad30)">
      <node ref="U3" pin="30"/>
    </net>
    <net code="34" name="Net-(U3-Pad11)">
      <node ref="U3" pin="11"/>
    </net>
    <net code="35" name="Net-(U3-Pad31)">
      <node ref="U3" pin="31"/>
    </net>
    <net code="36" name="Net-(P2-Pad2)">
      <node ref="P2" pin="2"/>
      <node ref="R2" pin="2"/>
    </net>
    <net code="37" name="Net-(U3-Pad32)">
      <node ref="U3" pin="32"/>
    </net>
    <net code="38" name="Net-(U3-Pad26)">
      <node ref="U3" pin="26"/>
    </net>
    <net code="39" name="Net-(U3-Pad17)">
      <node ref="U3" pin="17"/>
    </net>
    <net code="40" name="Net-(U3-Pad27)">
      <node ref="U3" pin="27"/>
    </net>
    <net code="41" name="Net-(U3-Pad18)">
      <node ref="U3" pin="18"/>
    </net>
    <net code="42" name="+5V">
      <node ref="P1" pin="6"/>
      <node ref="R3" pin="1"/>
      <node ref="P2" pin="1"/>
      <node ref="U2" pin="1"/>
      <node ref="U2" pin="3"/>
      <node ref="C7" pin="1"/>
      <node ref="C6" pin="1"/>
    </net>
    <net code="43" name="Net-(P2-Pad3)">
      <node ref="P2" pin="3"/>
      <node ref="R1" pin="2"/>
    </net>
    <net code="44" name="Net-(R1-Pad1)">
      <node ref="R1" pin="1"/>
      <node ref="U3" pin="21"/>
    </net>
    <net code="45" name="Net-(U3-Pad1)">
      <node ref="U3" pin="1"/>
    </net>
  </nets>
</export>
